CID;Image;Gender;Ethnicity;LR;Err
181;01;m;4;r;
181;02;m;4;r;large mask
181;03;m;4;r;
181;04;m;4;l;
181;05;m;4;r;large mask
181;06;m;4;l;
181;07;m;4;l;large mask
181;08;m;4;l;
181;09;m;4;l;small mask
181;10;m;4;r;large mask
181;11;m;4;r;
181;12;m;4;l;
181;13;m;4;r;
181;14;m;4;r;
181;15;m;4;l;
181;16;m;4;r;large mask
181;17;m;4;r;
181;18;m;4;l;
181;19;m;4;r;large mask
181;20;m;4;r;large mask
181;21;m;4;r;
181;22;m;4;l;
181;23;m;4;r;
181;24;m;4;r;
181;25;m;4;l;
181;26;m;4;r;
181;27;m;4;r;
182;01;f;1;l;
182;02;f;1;l;
182;03;f;1;r;
182;04;f;1;l;large mask
182;05;f;1;r;large mask
182;06;f;1;r;large mask
182;07;f;1;r;
182;08;f;1;r;
182;09;f;1;l;
182;10;f;1;r;
182;11;f;1;l;
182;12;f;1;l;
182;13;f;1;r;
182;14;f;1;l;
182;15;f;1;r;
182;16;f;1;r;
182;17;f;1;r;
182;18;f;1;l;
182;19;f;1;r;
182;20;f;1;l;
182;21;f;1;r;
182;22;f;1;r;
182;23;f;1;l;large mask
182;24;f;1;r;
182;25;f;1;l;
182;26;f;1;l;small mask
182;27;f;1;l;
182;28;f;1;l;large mask
182;29;f;1;r;
182;30;f;1;r;small mask
183;01;f;1;r;
183;02;f;1;r;
183;03;f;1;l;
183;04;f;1;r;
183;05;f;1;l;
183;06;f;1;l;
183;07;f;1;r;
183;08;f;1;l;
183;09;f;1;l;
183;10;f;1;r;small mask
183;11;f;1;l;
183;12;f;1;l;
183;13;f;1;l;
183;14;f;1;l;
183;15;f;1;l;
183;16;f;1;l;
183;17;f;1;r;
183;18;f;1;l;
183;19;f;1;r;
183;20;f;1;l;
183;21;f;1;l;small mask
183;22;f;1;r;large mask
183;23;f;1;l;
183;24;f;1;l;
183;25;f;1;l;
183;26;f;1;r;
183;27;f;1;l;
183;28;f;1;r;
183;29;f;1;r;large mask
184;01;m;1;r;
184;02;m;1;r;large mask
184;03;m;1;l;
184;04;m;1;l;
184;05;m;1;l;
184;06;m;1;l;
184;07;m;1;l;large mask
184;08;m;1;l;
184;09;m;1;l;
184;10;m;1;l;
184;11;m;1;r;
184;12;m;1;r;
184;13;m;1;l;
184;14;m;1;l;
184;15;m;1;l;
184;16;m;1;l;
184;17;m;1;r;
184;18;m;1;r;small mask
184;19;m;1;l;
184;20;m;1;l;
184;21;m;1;l;
184;22;m;1;r;
184;23;m;1;r;
184;24;m;1;l;
184;25;m;1;r;
184;26;m;1;r;
185;01;f;1;l;
185;02;f;1;l;
185;03;f;1;l;
185;04;f;1;l;
185;05;f;1;r;
185;06;f;1;l;
185;07;f;1;l;
185;08;f;1;l;
185;09;f;1;l;
185;10;f;1;l;
185;11;f;1;l;
185;12;f;1;l;
185;13;f;1;l;
185;14;f;1;r;
185;15;f;1;r;
185;16;f;1;r;
185;17;f;1;l;
185;18;f;1;r;
185;19;f;1;l;
185;20;f;1;l;
185;21;f;1;l;
185;22;f;1;l;
185;23;f;1;l;
185;24;f;1;l;
185;25;f;1;r;
185;26;f;1;r;
185;27;f;1;r;
185;28;f;1;r;
185;29;f;1;l;
185;30;f;1;r;
186;01;m;4;l;
186;02;m;4;l;
186;03;m;4;l;
186;04;m;4;l;
186;05;m;4;r;
186;06;m;4;r;
186;07;m;4;r;
186;08;m;4;l;
186;09;m;4;l;
186;10;m;4;l;
186;11;m;4;r;
186;12;m;4;r;
186;13;m;4;l;
186;14;m;4;l;
186;15;m;4;r;
186;16;m;4;r;
186;17;m;4;r;
186;18;m;4;l;
186;19;m;4;r;
186;20;m;4;l;
186;21;m;4;r;2 ears
186;22;m;4;r;large mask
186;23;m;4;l;
186;24;m;4;r;
186;25;m;4;l;large mask
186;26;m;4;r;
186;27;m;4;l;
186;28;m;4;l;
186;29;m;4;r;
186;30;m;4;r;
187;01;m;1;r;
187;02;m;1;l;
187;03;m;1;l;
187;04;m;1;r;
187;05;m;1;l;
187;06;m;1;l;large mask
187;07;m;1;r;
187;08;m;1;l;
187;09;m;1;l;
187;10;m;1;l;large mask
187;11;m;1;l;
187;12;m;1;r;
187;13;m;1;l;
187;14;m;1;r;
187;15;m;1;l;
187;16;m;1;r;
187;17;m;1;l;
187;18;m;1;l;
187;19;m;1;l;
187;20;m;1;l;
187;21;m;1;l;
187;22;m;1;l;small mask
187;23;m;1;l;
187;24;m;1;l;
187;25;m;1;l;
187;26;m;1;r;
187;27;m;1;l;
187;28;m;1;l;
188;01;m;4;r;
188;02;m;4;l;
188;03;m;4;r;
188;04;m;4;r;
188;05;m;4;r;
188;06;m;4;r;
188;07;m;4;r;
188;08;m;4;r;
188;09;m;4;r;small mask
188;10;m;4;r;
188;11;m;4;r;
188;12;m;4;r;
188;13;m;4;r;
188;14;m;4;l;
188;15;m;4;l;large mask
188;16;m;4;r;
188;17;m;4;l;
188;18;m;4;r;
188;19;m;4;l;
188;20;m;4;r;
188;21;m;4;l;
188;22;m;4;l;
188;23;m;4;l;
188;24;m;4;l;large mask
188;25;m;4;l;
188;26;m;4;l;
188;27;m;4;r;
188;28;m;4;l;
188;29;m;4;l;
189;01;f;2;l;
189;02;f;2;l;
189;03;f;2;l;small mask
189;04;f;2;l;
189;05;f;2;l;large mask
189;06;f;2;r;
189;07;f;2;l;
189;08;f;2;l;
189;09;f;2;l;
189;10;f;2;r;
189;11;f;2;l;
189;12;f;2;r;small mask
189;13;f;2;l;
189;14;f;2;l;
189;15;f;2;l;
189;16;f;2;r;
189;17;f;2;l;
189;18;f;2;l;
189;19;f;2;l;
189;20;f;2;l;
189;21;f;2;l;
189;22;f;2;r;
189;23;f;2;r;
189;24;f;2;l;
189;25;f;2;l;
189;26;f;2;l;
189;27;f;2;l;
189;28;f;2;r;
189;29;f;2;l;
189;30;f;2;l;
190;01;m;4;r;
190;02;m;4;r;
190;03;m;4;l;
190;04;m;4;r;
190;05;m;4;r;
190;06;m;4;r;
190;07;m;4;r;
190;08;m;4;l;
190;09;m;4;l;
190;10;m;4;r;
190;11;m;4;r;
190;12;m;4;l;
190;13;m;4;l;
190;14;m;4;r;
190;15;m;4;l;large mask
190;16;m;4;r;
190;17;m;4;r;
190;18;m;4;r;
190;19;m;4;r;
190;20;m;4;r;
190;21;m;4;r;
190;22;m;4;l;
190;23;m;4;l;
190;24;m;4;r;
190;25;m;4;r;large mask
190;26;m;4;r;large mask
190;27;m;4;r;
190;28;m;4;l;
191;01;m;1;l;large mask
191;02;m;1;l;
191;03;m;1;r;
191;04;m;1;l;
191;05;m;1;r;
191;06;m;1;l;
191;07;m;1;r;
191;08;m;1;r;
191;09;m;1;r;
191;10;m;1;r;
191;11;m;1;r;small mask
191;12;m;1;r;
191;13;m;1;r;
191;14;m;1;r;small mask
191;15;m;1;r;wrong position
191;16;m;1;l;
191;17;m;1;l;
191;18;m;1;r;
191;19;m;1;r;
191;20;m;1;r;wrong position
191;21;m;1;r;
191;22;m;1;r;large mask
191;23;m;1;r;
191;24;m;1;r;
191;25;m;1;l;
191;26;m;1;r;small mask
191;27;m;1;l;
192;01;m;1;r;
192;02;m;1;r;
192;03;m;1;l;
192;04;m;1;r;small mask
192;05;m;1;l;
192;06;m;1;l;
192;07;m;1;l;
192;08;m;1;r;
192;09;m;1;l;
192;10;m;1;r;
192;11;m;1;r;
192;12;m;1;r;
192;13;m;1;l;
192;14;m;1;l;
192;15;m;1;l;
192;16;m;1;l;
192;17;m;1;r;
192;18;m;1;l;
192;19;m;1;l;
192;20;m;1;l;
192;21;m;1;r;
192;22;m;1;r;
192;23;m;1;r;
192;24;m;1;l;
192;25;m;1;l;
192;26;m;1;r;
192;27;m;1;l;
192;28;m;1;r;
192;29;m;1;l;
192;30;m;1;l;
193;01;f;4;l;
193;02;f;4;l;
193;03;f;4;l;
193;04;f;4;l;
193;05;f;4;l;
193;06;f;4;l;
193;07;f;4;l;
193;08;f;4;r;
193;09;f;4;l;
193;10;f;4;l;
193;11;f;4;l;
193;12;f;4;l;
193;13;f;4;l;
193;14;f;4;r;large mask
193;15;f;4;l;
193;16;f;4;r;
193;17;f;4;l;
193;18;f;4;l;
193;19;f;4;l;
193;20;f;4;r;
193;21;f;4;r;
193;22;f;4;l;
193;23;f;4;l;
193;24;f;4;l;
193;25;f;4;r;
194;01;m;1;r;
194;02;m;1;r;
194;03;m;1;r;
194;04;m;1;r;
194;05;m;1;r;
194;06;m;1;r;
194;07;m;1;l;
194;08;m;1;r;
194;09;m;1;l;
194;10;m;1;r;large mask
194;11;m;1;r;
194;12;m;1;r;
194;13;m;1;r;
194;14;m;1;r;
194;15;m;1;l;
194;16;m;1;l;
194;17;m;1;r;
194;18;m;1;l;
194;19;m;1;r;
194;20;m;1;r;small mask
194;21;m;1;l;
194;22;m;1;r;
194;23;m;1;l;
194;24;m;1;r;
194;25;m;1;r;
194;26;m;1;r;
194;27;m;1;l;
194;28;m;1;r;
194;29;m;1;r;
194;30;m;1;r;small mask
195;01;f;1;r;
195;02;f;1;l;
195;03;f;1;l;large mask
195;04;f;1;r;
195;05;f;1;r;
195;06;f;1;l;large mask
195;07;f;1;r;
195;08;f;1;l;
195;09;f;1;r;
195;10;f;1;l;
195;11;f;1;r;
195;12;f;1;l;
195;13;f;1;l;
195;14;f;1;l;
195;15;f;1;l;
195;16;f;1;r;
195;17;f;1;r;
195;18;f;1;r;small mask
195;19;f;1;l;
195;20;f;1;l;
195;21;f;1;r;
195;22;f;1;l;
195;23;f;1;l;
195;24;f;1;l;
195;25;f;1;l;
195;26;f;1;r;
195;27;f;1;r;
195;28;f;1;r;
195;29;f;1;r;
196;01;f;1;r;
196;02;f;1;l;
196;03;f;1;l;
196;04;f;1;l;
196;05;f;1;l;
196;06;f;1;l;
196;07;f;1;r;
196;08;f;1;r;
196;09;f;1;l;
196;10;f;1;l;
196;11;f;1;r;large mask
196;12;f;1;l;
196;13;f;1;r;
196;14;f;1;l;
196;15;f;1;r;
196;16;f;1;l;
196;17;f;1;r;
196;18;f;1;l;
196;19;f;1;l;
196;20;f;1;r;
196;21;f;1;l;
196;22;f;1;l;
196;23;f;1;r;
196;24;f;1;l;
196;25;f;1;l;
196;26;f;1;l;
196;27;f;1;l;
196;28;f;1;l;
196;29;f;1;l;
197;01;f;1;l;
197;02;f;1;l;
197;03;f;1;r;
197;04;f;1;r;
197;05;f;1;l;
197;06;f;1;r;
197;07;f;1;r;
197;08;f;1;r;
197;09;f;1;l;
197;10;f;1;l;
197;11;f;1;l;
197;12;f;1;r;
197;13;f;1;l;
197;14;f;1;r;small mask
197;15;f;1;r;
197;16;f;1;l;
197;17;f;1;r;
197;18;f;1;l;
197;19;f;1;r;large mask
197;20;f;1;l;
197;21;f;1;l;large mask
197;22;f;1;r;
197;23;f;1;r;
197;24;f;1;r;
197;25;f;1;r;
197;26;f;1;r;
197;27;f;1;r;
197;28;f;1;r;
197;29;f;1;l;
198;01;m;1;l;
198;02;m;1;l;
198;03;m;1;l;
198;04;m;1;r;
198;05;m;1;r;
198;06;m;1;r;
198;07;m;1;l;
198;08;m;1;l;
198;09;m;1;l;
198;10;m;1;l;2 ears
198;11;m;1;l;
198;12;m;1;l;
198;13;m;1;r;
198;14;m;1;l;
198;15;m;1;r;
198;16;m;1;l;
198;17;m;1;r;
198;18;m;1;r;
198;19;m;1;l;
198;20;m;1;r;
198;21;m;1;l;
198;22;m;1;l;
198;23;m;1;l;
198;24;m;1;l;
198;25;m;1;l;
198;26;m;1;l;large mask
198;27;m;1;l;large mask
198;28;m;1;r;
198;29;m;1;l;
199;01;m;1;r;
199;02;m;1;r;
199;03;m;1;l;
199;04;m;1;r;
199;05;m;1;l;
199;06;m;1;l;
199;07;m;1;l;
199;08;m;1;l;
199;09;m;1;l;
199;10;m;1;r;
199;11;m;1;l;
199;12;m;1;l;
199;13;m;1;r;
199;14;m;1;l;
199;15;m;1;r;
199;16;m;1;r;
199;17;m;1;r;
199;18;m;1;r;
199;19;m;1;r;large mask
199;20;m;1;r;large mask
199;21;m;1;l;
199;22;m;1;l;
199;23;m;1;r;
199;24;m;1;r;
199;25;m;1;r;
199;26;m;1;r;
199;27;m;1;l;
199;28;m;1;r;
199;29;m;1;r;
199;30;m;1;l;
200;01;m;4;r;
200;02;m;4;l;
200;03;m;4;r;
200;04;m;4;l;
200;05;m;4;r;
200;06;m;4;l;
200;07;m;4;r;
200;08;m;4;l;
200;09;m;4;l;
200;10;m;4;r;
200;11;m;4;r;
200;12;m;4;l;
200;13;m;4;r;
200;14;m;4;l;small mask
200;15;m;4;r;
200;16;m;4;r;
200;17;m;4;l;
200;18;m;4;l;
200;19;m;4;r;
200;20;m;4;r;
200;21;m;4;r;
200;22;m;4;l;
200;23;m;4;r;
200;24;m;4;l;
200;25;m;4;r;
200;26;m;4;l;
200;27;m;4;l;
201;01;m;1;r;
201;02;m;1;r;
201;03;m;1;l;
201;04;m;1;r;
201;05;m;1;l;
201;06;m;1;r;
201;07;m;1;r;
201;08;m;1;r;
201;09;m;1;r;
201;10;m;1;l;large mask
201;11;m;1;l;
201;12;m;1;l;
201;13;m;1;r;
201;14;m;1;l;
201;15;m;1;l;
201;16;m;1;l;
201;17;m;1;r;
201;18;m;1;r;
201;19;m;1;l;
201;20;m;1;l;
201;21;m;1;r;
201;22;m;1;l;
201;23;m;1;r;
201;24;m;1;l;
201;25;m;1;l;
201;26;m;1;r;
201;27;m;1;l;
201;28;m;1;r;
201;29;m;1;l;
202;01;f;1;r;
202;02;f;1;l;
202;03;f;1;l;
202;04;f;1;l;
202;05;f;1;l;
202;06;f;1;l;
202;07;f;1;r;
202;08;f;1;l;
202;09;f;1;l;
202;10;f;1;l;
202;11;f;1;l;
202;12;f;1;r;
202;13;f;1;r;
202;14;f;1;r;
202;15;f;1;l;
202;16;f;1;l;
202;17;f;1;r;
202;18;f;1;l;
202;19;f;1;l;
202;20;f;1;l;
202;21;f;1;l;
202;22;f;1;r;
202;23;f;1;r;
202;24;f;1;r;
202;25;f;1;l;
202;26;f;1;l;
202;27;f;1;r;
202;28;f;1;r;
203;01;m;3;l;large mask
203;02;m;3;r;
203;03;m;3;r;
203;04;m;3;r;
203;05;m;3;r;
203;06;m;3;r;
203;07;m;3;l;
203;08;m;3;l;
203;09;m;3;r;
203;10;m;3;l;
203;11;m;3;l;
203;12;m;3;l;
203;13;m;3;l;
203;14;m;3;r;large mask
203;15;m;3;r;
203;16;m;3;r;
203;17;m;3;l;
203;18;m;3;l;
203;19;m;3;l;
203;20;m;3;l;
203;21;m;3;r;
203;22;m;3;r;
203;23;m;3;r;
203;24;m;3;l;large mask
204;01;m;1;l;
204;02;m;1;r;
204;03;m;1;l;
204;04;m;1;l;
204;05;m;1;r;
204;06;m;1;r;
204;07;m;1;r;
204;08;m;1;r;
204;09;m;1;r;
204;10;m;1;l;
204;11;m;1;l;
204;12;m;1;r;
204;13;m;1;l;
204;14;m;1;l;
204;15;m;1;l;
204;16;m;1;l;
204;17;m;1;r;
204;18;m;1;l;
204;19;m;1;l;
204;20;m;1;l;
204;21;m;1;r;
204;22;m;1;l;
204;23;m;1;l;
204;24;m;1;r;large mask
204;25;m;1;l;
204;26;m;1;r;
204;27;m;1;r;
204;28;m;1;l;
204;29;m;1;r;
204;30;m;1;r;
205;01;f;1;r;
205;02;f;1;l;
205;03;f;1;r;
205;04;f;1;r;
205;05;f;1;l;
205;06;f;1;l;
205;07;f;1;r;
205;08;f;1;r;
205;09;f;1;l;
205;10;f;1;l;
205;11;f;1;r;
205;12;f;1;r;
205;13;f;1;r;
205;14;f;1;r;
205;15;f;1;r;
205;16;f;1;r;
205;17;f;1;r;
205;18;f;1;r;
205;19;f;1;l;
205;20;f;1;l;
205;21;f;1;r;
205;22;f;1;r;
205;23;f;1;l;
205;24;f;1;l;
205;25;f;1;l;
205;26;f;1;r;
205;27;f;1;r;
206;01;m;1;r;
206;02;m;1;l;
206;03;m;1;l;
206;04;m;1;r;
206;05;m;1;r;
206;06;m;1;r;
206;07;m;1;l;
206;08;m;1;r;
206;09;m;1;r;
206;10;m;1;l;
206;11;m;1;r;
206;12;m;1;l;
206;13;m;1;l;
206;14;m;1;r;
206;15;m;1;r;
206;16;m;1;r;
206;17;m;1;r;
206;18;m;1;l;
206;19;m;1;r;
206;20;m;1;l;
206;21;m;1;r;
206;22;m;1;l;
206;23;m;1;l;
206;24;m;1;l;
206;25;m;1;l;
206;26;m;1;r;
206;27;m;1;r;
206;28;m;1;l;
206;29;m;1;r;
206;30;m;1;r;
207;01;f;4;r;
207;02;f;4;l;
207;03;f;4;r;
207;04;f;4;l;
207;05;f;4;r;
207;06;f;4;l;
207;07;f;4;l;
207;08;f;4;r;
207;09;f;4;l;
207;10;f;4;r;
207;11;f;4;r;
207;12;f;4;l;
207;13;f;4;l;
207;14;f;4;l;
207;15;f;4;r;
207;16;f;4;r;
207;17;f;4;r;
207;18;f;4;l;
207;19;f;4;r;
207;20;f;4;l;
207;21;f;4;r;
207;22;f;4;l;
207;23;f;4;r;
207;24;f;4;l;
207;25;f;4;l;
207;26;f;4;r;
207;27;f;4;l;
208;01;f;1;l;
208;02;f;1;l;
208;03;f;1;l;
208;04;f;1;r;
208;05;f;1;l;
208;06;f;1;r;
208;07;f;1;r;
208;08;f;1;r;large mask
208;09;f;1;r;large mask
208;10;f;1;r;
208;11;f;1;r;
208;12;f;1;l;
208;13;f;1;l;
208;14;f;1;l;
208;15;f;1;l;large mask
208;16;f;1;r;
208;17;f;1;l;
208;18;f;1;l;large mask
208;19;f;1;l;
208;20;f;1;r;
208;21;f;1;r;
208;22;f;1;l;
208;23;f;1;r;
208;24;f;1;l;
208;25;f;1;r;
208;26;f;1;l;
208;27;f;1;r;
208;28;f;1;r;
208;29;f;1;r;
208;30;f;1;r;large mask
209;01;m;4;l;
209;02;m;4;l;
209;03;m;4;r;2 ears large mask
209;04;m;4;l;
209;05;m;4;r;
209;06;m;4;l;
209;07;m;4;l;
209;08;m;4;l;
209;09;m;4;l;
209;10;m;4;l;
209;11;m;4;l;large mask
209;12;m;4;l;
209;13;m;4;r;
209;14;m;4;r;
209;15;m;4;l;large mask
209;16;m;4;l;
209;17;m;4;l;
209;18;m;4;l;
209;19;m;4;r;
209;20;m;4;l;
209;21;m;4;r;
209;22;m;4;r;
209;23;m;4;r;
209;24;m;4;l;
209;25;m;4;r;
209;26;m;4;r;
209;27;m;4;l;
209;28;m;4;l;
209;29;m;4;l;
209;30;m;4;r;
210;01;m;1;r;
210;02;m;1;l;
210;03;m;1;r;
210;04;m;1;l;
210;05;m;1;l;large mask
210;06;m;1;l;
210;07;m;1;l;
210;08;m;1;r;
210;09;m;1;l;
210;10;m;1;r;
210;11;m;1;r;
210;12;m;1;l;
210;13;m;1;l;
210;14;m;1;r;
210;15;m;1;l;
210;16;m;1;l;
210;17;m;1;l;
210;18;m;1;l;
210;19;m;1;l;
210;20;m;1;l;
210;21;m;1;r;
210;22;m;1;l;
210;23;m;1;l;
210;24;m;1;l;
210;25;m;1;l;
210;26;m;1;l;
210;27;m;1;r;
210;28;m;1;l;
210;29;m;1;r;
241;01;m;1;r;
241;02;m;1;r;
241;03;m;1;l;
241;04;m;1;l;
241;05;m;1;r;
241;06;m;1;r;
241;07;m;1;l;
241;08;m;1;r;
241;09;m;1;l;
241;10;m;1;l;
241;11;m;1;r;
241;12;m;1;r;
241;13;m;1;r;large mask
241;14;m;1;r;large mask
241;15;m;1;r;
241;16;m;1;r;
241;17;m;1;r;
241;18;m;1;l;
241;19;m;1;r;
241;20;m;1;l;
241;21;m;1;r;
241;22;m;1;r;
242;01;m;1;r;
242;02;m;1;r;
242;03;m;1;r;
242;04;m;1;r;
242;05;m;1;r;
242;06;m;1;r;
242;07;m;1;l;
242;08;m;1;l;
242;09;m;1;r;
242;10;m;1;r;
242;11;m;1;r;
242;12;m;1;r;
242;13;m;1;l;
242;14;m;1;r;
242;15;m;1;r;
242;16;m;1;r;
242;17;m;1;l;
242;18;m;1;r;
242;19;m;1;l;
242;20;m;1;r;
242;21;m;1;r;
242;22;m;1;r;
242;23;m;1;r;
242;24;m;1;l;
242;25;m;1;r;
243;01;m;1;r;large mask
243;02;m;1;r;
243;03;m;1;l;2 ears
243;04;m;1;l;
243;05;m;1;r;
243;06;m;1;r;
243;07;m;1;r;
243;08;m;1;r;
243;09;m;1;r;
243;10;m;1;r;
243;11;m;1;l;
243;12;m;1;r;
243;13;m;1;l;
243;14;m;1;r;
243;15;m;1;r;large mask
243;16;m;1;l;
243;17;m;1;l;large mask
243;18;m;1;l;large mask
243;19;m;1;r;
243;20;m;1;l;
243;21;m;1;r;
243;22;m;1;r;
243;23;m;1;r;large mask
243;24;m;1;r;
243;25;m;1;l;
244;01;m;1;r;
244;02;m;1;l;
244;03;m;1;r;
244;04;m;1;r;
244;05;m;1;l;
244;06;m;1;l;
244;07;m;1;l;
244;08;m;1;r;
244;09;m;1;r;
244;10;m;1;r;
244;11;m;1;l;
244;12;m;1;r;
244;13;m;1;r;
244;14;m;1;r;
244;15;m;1;r;
244;16;m;1;r;
244;17;m;1;l;large mask
244;18;m;1;r;
244;19;m;1;l;
244;20;m;1;r;small mask
244;21;m;1;r;
244;22;m;1;r;large mask
244;23;m;1;r;
244;24;m;1;l;
245;01;m;4;l;2 ears
245;02;m;4;l;
245;03;m;4;r;
245;04;m;4;l;
245;05;m;4;r;
245;06;m;4;r;
245;07;m;4;r;large mask
245;08;m;4;l;
245;09;m;4;l;large mask
245;10;m;4;l;
245;11;m;4;l;
245;12;m;4;l;
245;13;m;4;l;
245;14;m;4;l;
245;15;m;4;l;
245;16;m;4;l;wrong position
245;17;m;4;l;
245;18;m;4;l;
245;19;m;4;l;
245;20;m;4;l;
245;21;m;4;l;
245;22;m;4;l;
246;01;m;1;r;
246;02;m;1;l;
246;03;m;1;r;
246;04;m;1;r;
246;05;m;1;r;
246;06;m;1;r;
246;07;m;1;r;
246;08;m;1;r;
246;09;m;1;l;
246;10;m;1;r;
246;11;m;1;l;
246;12;m;1;r;
246;13;m;1;l;
246;14;m;1;l;
246;15;m;1;r;
246;16;m;1;r;
246;17;m;1;l;
246;18;m;1;l;
246;19;m;1;r;
246;20;m;1;l;
246;21;m;1;r;
246;22;m;1;l;
246;23;m;1;l;
246;24;m;1;l;
246;25;m;1;r;
246;26;m;1;r;
247;01;m;1;l;
247;02;m;1;l;
247;03;m;1;l;
247;04;m;1;r;
247;05;m;1;l;
247;06;m;1;l;large mask
247;07;m;1;r;
247;08;m;1;l;
247;09;m;1;l;
247;10;m;1;l;
247;11;m;1;l;
247;12;m;1;l;
247;13;m;1;l;
247;14;m;1;l;large mask
247;15;m;1;l;
247;16;m;1;l;
247;17;m;1;l;
247;18;m;1;l;
247;19;m;1;l;
247;20;m;1;r;
247;21;m;1;l;
247;22;m;1;r;
247;23;m;1;l;large mask
247;24;m;1;l;
247;25;m;1;l;
247;26;m;1;l;
248;01;f;1;r;
248;02;f;1;l;
248;03;f;1;l;
248;04;f;1;l;
248;05;f;1;l;
248;06;f;1;l;
248;07;f;1;l;
248;08;f;1;l;
248;09;f;1;l;
248;10;f;1;l;
248;11;f;1;l;
248;12;f;1;l;
248;13;f;1;l;
248;14;f;1;r;
248;15;f;1;l;
248;16;f;1;l;
248;17;f;1;r;
248;18;f;1;l;
248;19;f;1;l;
248;20;f;1;l;
248;21;f;1;l;
248;22;f;1;l;
248;23;f;1;l;
248;24;f;1;l;
248;25;f;1;l;
248;26;f;1;l;
248;27;f;1;l;
248;28;f;1;l;
249;01;f;1;l;
249;02;f;1;r;
249;03;f;1;l;
249;04;f;1;l;
249;05;f;1;l;
249;06;f;1;l;
249;07;f;1;r;
249;08;f;1;r;
249;09;f;1;l;
249;10;f;1;l;
249;11;f;1;l;
249;12;f;1;l;
249;13;f;1;l;
249;14;f;1;r;
249;15;f;1;r;
249;16;f;1;l;
249;17;f;1;l;large mask
249;18;f;1;l;
249;19;f;1;l;
249;20;f;1;l;
249;21;f;1;l;
249;22;f;1;l;
249;23;f;1;l;
249;24;f;1;r;
249;25;f;1;r;small mask
249;26;f;1;l;
249;27;f;1;r;
250;01;f;1;r;
250;02;f;1;r;
250;03;f;1;l;
250;04;f;1;r;large mask
250;05;f;1;r;
250;06;f;1;l;
250;07;f;1;l;
250;08;f;1;r;small mask
250;09;f;1;l;
250;10;f;1;l;
250;11;f;1;r;
250;12;f;1;l;
250;13;f;1;r;
250;14;f;1;l;
250;15;f;1;l;
250;16;f;1;l;
250;17;f;1;r;
250;18;f;1;r;
250;19;f;1;r;
250;20;f;1;l;
250;21;f;1;l;
250;22;f;1;r;
250;23;f;1;l;
251;01;f;4;l;
251;02;f;4;r;
251;03;f;4;l;
251;04;f;4;r;
251;05;f;4;l;
251;06;f;4;l;
251;07;f;4;l;
251;08;f;4;r;large mask
251;09;f;4;r;
251;10;f;4;l;
251;11;f;4;l;large mask
251;12;f;4;l;
251;13;f;4;l;
251;14;f;4;l;small mask
251;15;f;4;l;small mask
251;16;f;4;r;small mask
251;17;f;4;r;
251;18;f;4;r;
251;19;f;4;r;
251;20;f;4;r;
251;21;f;4;l;
251;22;f;4;r;
251;23;f;4;l;
252;01;f;4;r;
252;02;f;4;l;
252;03;f;4;l;
252;04;f;4;r;
252;05;f;4;r;
252;06;f;4;r;
252;07;f;4;r;
252;08;f;4;l;
252;09;f;4;r;small mask
252;10;f;4;r;
252;11;f;4;l;
252;12;f;4;l;large mask
252;13;f;4;r;large mask
252;14;f;4;r;
252;15;f;4;l;
252;16;f;4;l;
252;17;f;4;r;
252;18;f;4;r;
252;19;f;4;r;
252;20;f;4;l;
252;21;f;4;l;large mask
252;22;f;4;l;large mask
252;23;f;4;r;
252;24;f;4;l;
252;25;f;4;l;
252;26;f;4;r;
252;27;f;4;l;
252;28;f;4;l;
253;01;f;2;l;
253;02;f;2;r;
253;03;f;2;r;small mask
253;04;f;2;l;
253;05;f;2;r;
253;06;f;2;l;
253;07;f;2;r;
253;08;f;2;l;
253;09;f;2;r;
253;10;f;2;r;
253;11;f;2;r;large mask
253;12;f;2;l;
253;13;f;2;r;
253;14;f;2;l;
253;15;f;2;r;
253;16;f;2;l;
253;17;f;2;l;
253;18;f;2;l;
253;19;f;2;l;
253;20;f;2;l;
253;21;f;2;r;small mask
253;22;f;2;r;
253;23;f;2;l;
253;24;f;2;l;
253;25;f;2;l;
253;26;f;2;l;
253;27;f;2;r;
253;28;f;2;r;
253;29;f;2;r;
254;01;m;1;r;
254;02;m;1;r;
254;03;m;1;r;
254;04;m;1;r;
254;05;m;1;r;
254;06;m;1;r;
254;07;m;1;l;
254;08;m;1;r;
254;09;m;1;r;
254;10;m;1;l;
254;11;m;1;l;
254;12;m;1;r;
254;13;m;1;r;
254;14;m;1;r;
254;15;m;1;l;
254;16;m;1;l;
254;17;m;1;r;
254;18;m;1;r;
254;19;m;1;r;
254;20;m;1;r;
254;21;m;1;r;
254;22;m;1;r;
254;23;m;1;l;
254;24;m;1;l;
254;25;m;1;l;
254;26;m;1;r;
254;27;m;1;r;
254;28;m;1;r;
254;29;m;1;r;
254;30;m;1;r;
255;01;m;1;r;
255;02;m;1;r;
255;03;m;1;r;
255;04;m;1;l;
255;05;m;1;r;
255;06;m;1;l;
255;07;m;1;l;
255;08;m;1;r;
255;09;m;1;l;
255;10;m;1;l;
255;11;m;1;l;
255;12;m;1;l;
255;13;m;1;r;
255;14;m;1;r;
255;15;m;1;r;
255;16;m;1;l;
255;17;m;1;r;
255;18;m;1;r;
255;19;m;1;r;
255;20;m;1;l;
255;21;m;1;l;
255;22;m;1;l;
255;23;m;1;l;
255;24;m;1;r;
255;25;m;1;r;
255;26;m;1;l;
255;27;m;1;r;
256;01;m;1;r;large mask
256;02;m;1;r;
256;03;m;1;r;
256;04;m;1;l;
256;05;m;1;r;
256;06;m;1;r;
256;07;m;1;r;
256;08;m;1;r;
256;09;m;1;r;
256;10;m;1;r;
256;11;m;1;r;
256;12;m;1;l;large mask
256;13;m;1;l;
256;14;m;1;l;
256;15;m;1;l;
256;16;m;1;r;
256;17;m;1;l;
256;18;m;1;r;
256;19;m;1;l;
256;20;m;1;l;
256;21;m;1;l;
256;22;m;1;r;
256;23;m;1;l;
256;24;m;1;r;
256;25;m;1;r;
256;26;m;1;l;
256;27;m;1;r;
256;28;m;1;l;
256;29;m;1;l;
256;30;m;1;r;
257;01;m;1;l;
257;02;m;1;l;
257;03;m;1;r;
257;04;m;1;l;
257;05;m;1;l;
257;06;m;1;l;
257;07;m;1;l;
257;08;m;1;r;
257;09;m;1;l;
257;10;m;1;r;
257;11;m;1;r;
257;12;m;1;r;
257;13;m;1;r;
257;14;m;1;r;
257;15;m;1;l;
257;16;m;1;r;
257;17;m;1;l;
257;18;m;1;r;
257;19;m;1;l;
257;20;m;1;r;
257;21;m;1;l;
257;22;m;1;l;
257;23;m;1;l;
257;24;m;1;r;
257;25;m;1;r;
257;26;m;1;r;
257;27;m;1;l;
257;28;m;1;l;
257;29;m;1;l;
257;30;m;1;l;
258;01;m;1;l;
258;02;m;1;l;
258;03;m;1;r;
258;04;m;1;l;
258;05;m;1;l;
258;06;m;1;r;
258;07;m;1;r;small mask
258;08;m;1;l;
258;09;m;1;l;
258;10;m;1;r;large mask
258;11;m;1;l;
258;12;m;1;l;large mask
258;13;m;1;r;large mask
258;14;m;1;r;
258;15;m;1;r;
258;16;m;1;r;
258;17;m;1;l;
258;18;m;1;l;
258;19;m;1;l;
258;20;m;1;r;
258;21;m;1;r;
258;22;m;1;l;
258;23;m;1;l;
258;24;m;1;l;
258;25;m;1;l;
258;26;m;1;l;
258;27;m;1;r;
258;28;m;1;r;
259;01;f;1;r;
259;02;f;1;r;
259;03;f;1;r;
259;04;f;1;l;
259;05;f;1;r;
259;06;f;1;l;
259;07;f;1;l;
259;08;f;1;r;
259;09;f;1;l;
259;10;f;1;r;
259;11;f;1;r;large mask
259;12;f;1;r;large mask
259;13;f;1;l;
259;14;f;1;r;
259;15;f;1;l;
259;16;f;1;l;
259;17;f;1;r;
259;18;f;1;r;
259;19;f;1;l;large mask
259;20;f;1;r;small mask
259;21;f;1;r;small mask
259;22;f;1;r;
259;23;f;1;r;large mask
259;24;f;1;r;
259;25;f;1;l;
259;26;f;1;l;large mask
259;27;f;1;l;
259;28;f;1;r;large mask
259;29;f;1;l;
260;01;m;5;r;
260;02;m;5;l;
260;03;m;5;r;
260;04;m;5;r;
260;05;m;5;l;
260;06;m;5;r;
260;07;m;5;r;
260;08;m;5;r;large mask
260;09;m;5;l;
260;10;m;5;l;
260;11;m;5;l;
260;12;m;5;r;
260;13;m;5;l;
260;14;m;5;l;
260;15;m;5;l;
260;16;m;5;l;
260;17;m;5;r;
260;18;m;5;l;
260;19;m;5;l;large mask
260;20;m;5;l;
260;21;m;5;r;
260;22;m;5;l;large mask
260;23;m;5;r;
260;24;m;5;l;
260;25;m;5;l;
260;26;m;5;r;
260;27;m;5;r;
260;28;m;5;l;
260;29;m;5;r;
261;01;m;4;r;
261;02;m;4;l;
261;03;m;4;r;
261;04;m;4;l;
261;05;m;4;r;
261;06;m;4;l;large mask
261;07;m;4;r;
261;08;m;4;r;
261;09;m;4;r;
261;10;m;4;l;
261;11;m;4;l;
261;12;m;4;r;
261;13;m;4;r;large mask
261;14;m;4;l;
261;15;m;4;l;
261;16;m;4;r;
261;17;m;4;r;
261;18;m;4;l;large mask
261;19;m;4;l;
261;20;m;4;r;
261;21;m;4;r;
261;22;m;4;r;
261;23;m;4;r;
261;24;m;4;r;
261;25;m;4;r;
261;26;m;4;r;
261;27;m;4;r;
261;28;m;4;r;
261;29;m;4;r;
262;01;m;1;r;
262;02;m;1;r;
262;03;m;1;r;
262;04;m;1;r;
262;05;m;1;l;
262;06;m;1;l;large mask
262;07;m;1;r;large mask
262;08;m;1;r;
262;09;m;1;r;
262;10;m;1;r;
262;11;m;1;r;
262;12;m;1;r;
262;13;m;1;l;
262;14;m;1;l;
262;15;m;1;l;
262;16;m;1;l;
262;17;m;1;l;
262;18;m;1;r;
262;19;m;1;l;
262;20;m;1;l;
262;21;m;1;l;
262;22;m;1;l;
262;23;m;1;l;
262;24;m;1;l;
262;25;m;1;r;
262;26;m;1;l;
262;27;m;1;r;
262;28;m;1;l;
262;29;m;1;r;
262;30;m;1;l;large mask
263;01;m;1;r;
263;02;m;1;l;
263;03;m;1;l;
263;04;m;1;l;large mask
263;05;m;1;r;
263;06;m;1;r;
263;07;m;1;r;
263;08;m;1;l;large mask
263;09;m;1;l;
263;10;m;1;l;
263;11;m;1;r;
263;12;m;1;l;
263;13;m;1;r;
263;14;m;1;r;
263;15;m;1;l;
263;16;m;1;l;
263;17;m;1;l;
263;18;m;1;r;
263;19;m;1;r;
263;20;m;1;l;
263;21;m;1;r;
263;22;m;1;l;
263;23;m;1;r;
263;24;m;1;l;
263;25;m;1;l;
263;26;m;1;l;
263;27;m;1;r;
263;28;m;1;r;
263;29;m;1;r;
263;30;m;1;r;large mask
264;01;m;1;l;
264;02;m;1;l;
264;03;m;1;l;large mask
264;04;m;1;l;
264;05;m;1;l;
264;06;m;1;l;
264;07;m;1;l;
264;08;m;1;r;
264;09;m;1;l;
264;10;m;1;l;
264;11;m;1;l;
264;12;m;1;l;large mask
264;13;m;1;r;large mask
264;14;m;1;l;
264;15;m;1;r;
264;16;m;1;r;large mask
264;17;m;1;l;
264;18;m;1;r;
264;19;m;1;r;
264;20;m;1;l;large mask
264;21;m;1;l;
264;22;m;1;l;
264;23;m;1;r;large mask
264;24;m;1;l;
264;25;m;1;r;
264;26;m;1;l;
264;27;m;1;r;
264;28;m;1;r;large mask
264;29;m;1;l;
264;30;m;1;l;large mask
265;01;f;1;l;
265;02;f;1;l;
265;03;f;1;l;
265;04;f;1;l;
265;05;f;1;l;
265;06;f;1;r;
265;07;f;1;l;
265;08;f;1;l;
265;09;f;1;l;
265;10;f;1;l;
265;11;f;1;l;
265;12;f;1;l;
265;13;f;1;l;
265;14;f;1;r;
265;15;f;1;l;
265;16;f;1;l;
265;17;f;1;r;
265;18;f;1;r;
265;19;f;1;r;
265;20;f;1;r;large mask
265;21;f;1;l;
265;22;f;1;r;large mask
265;23;f;1;r;
265;24;f;1;r;
265;25;f;1;l;
265;26;f;1;r;
265;27;f;1;r;
265;28;f;1;l;
265;29;f;1;l;
265;30;f;1;l;
266;01;m;4;r;
266;02;m;4;r;
266;03;m;4;l;
266;04;m;4;r;large mask
266;05;m;4;l;
266;06;m;4;l;large mask
266;07;m;4;r;
266;08;m;4;l;
266;09;m;4;l;large mask
266;10;m;4;l;
266;11;m;4;l;large mask
266;12;m;4;l;
266;13;m;4;l;
266;14;m;4;l;
266;15;m;4;l;
266;16;m;4;l;
266;17;m;4;l;
266;18;m;4;r;
266;19;m;4;r;
266;20;m;4;l;
266;21;m;4;r;
266;22;m;4;l;
266;23;m;4;l;
266;24;m;4;l;
266;25;m;4;r;
266;26;m;4;r;large mask
266;27;m;4;l;
267;01;m;4;l;
267;02;m;4;l;
267;03;m;4;l;
267;04;m;4;l;
267;05;m;4;l;
267;06;m;4;r;large mask
267;07;m;4;l;
267;08;m;4;r;
267;09;m;4;r;
267;10;m;4;l;
267;11;m;4;l;
267;12;m;4;r;small mask
267;13;m;4;l;
267;14;m;4;r;
267;15;m;4;r;
267;16;m;4;r;
267;17;m;4;r;
267;18;m;4;r;small mask
267;19;m;4;l;
267;20;m;4;r;
267;21;m;4;r;
267;22;m;4;l;
267;23;m;4;l;
267;24;m;4;l;
267;25;m;4;r;
267;26;m;4;l;
267;27;m;4;r;
268;01;m;1;l;
268;02;m;1;l;
268;03;m;1;l;
268;04;m;1;r;
268;05;m;1;l;
268;06;m;1;l;
268;07;m;1;l;
268;08;m;1;l;
268;09;m;1;r;large mask
268;10;m;1;l;
268;11;m;1;r;
268;12;m;1;l;
268;13;m;1;l;
268;14;m;1;r;large mask
268;15;m;1;r;small mask
268;16;m;1;l;
268;17;m;1;r;
268;18;m;1;l;small mask
268;19;m;1;l;
268;20;m;1;r;
268;21;m;1;l;
268;22;m;1;l;
268;23;m;1;l;
268;24;m;1;r;
268;25;m;1;l;
268;26;m;1;r;
268;27;m;1;r;
268;28;m;1;r;
268;29;m;1;l;
268;30;m;1;r;
269;01;m;1;r;
269;02;m;1;r;
269;03;m;1;l;
269;04;m;1;r;
269;05;m;1;l;
269;06;m;1;l;
269;07;m;1;r;large mask
269;08;m;1;r;small mask
269;09;m;1;l;
269;10;m;1;l;
269;11;m;1;r;
269;12;m;1;l;
269;13;m;1;r;
269;14;m;1;r;
269;15;m;1;r;large mask
269;16;m;1;l;
269;17;m;1;l;
269;18;m;1;r;
269;19;m;1;r;
269;20;m;1;l;
269;21;m;1;l;
269;22;m;1;l;
270;01;m;4;l;large mask
270;02;m;4;l;
270;03;m;4;r;
270;04;m;4;r;
270;05;m;4;r;
270;06;m;4;l;
270;07;m;4;l;
270;08;m;4;l;
270;09;m;4;r;
270;10;m;4;l;large mask
270;11;m;4;l;
270;12;m;4;l;large mask
270;13;m;4;l;large mask
270;14;m;4;l;small mask
270;15;m;4;l;
270;16;m;4;r;
270;17;m;4;l;
270;18;m;4;r;
270;19;m;4;r;
270;20;m;4;l;large mask
270;21;m;4;l;
270;22;m;4;l;
270;23;m;4;l;
270;24;m;4;r;
270;25;m;4;l;
270;26;m;4;l;large mask
301;01;m;2;l;
301;02;m;2;r;
301;03;m;2;l;
301;04;m;2;l;
301;05;m;2;l;
301;06;m;2;l;
301;07;m;2;l;
301;08;m;2;r;
301;09;m;2;l;
301;10;m;2;l;
301;11;m;2;r;
301;12;m;2;r;
301;13;m;2;r;
301;14;m;2;r;
301;15;m;2;r;
301;16;m;2;l;
301;17;m;2;l;
301;18;m;2;r;
301;19;m;2;r;
301;20;m;2;l;
302;01;m;1;l;
302;02;m;1;l;
302;03;m;1;l;
302;04;m;1;l;
302;05;m;1;l;
302;06;m;1;l;
302;07;m;1;l;
302;08;m;1;r;
302;09;m;1;l;
302;10;m;1;r;
302;11;m;1;l;large mask
302;12;m;1;l;
302;13;m;1;l;
302;14;m;1;l;
302;15;m;1;l;
302;16;m;1;l;
302;17;m;1;l;
302;18;m;1;l;
302;19;m;1;l;
302;20;m;1;r;
302;21;m;1;r;
302;22;m;1;r;
302;23;m;1;l;
302;24;m;1;l;
302;25;m;1;l;
302;26;m;1;l;large mask
303;01;m;6;r;
303;02;m;6;l;
303;03;m;6;l;
303;04;m;6;r;
303;05;m;6;l;large mask
303;06;m;6;l;
303;07;m;6;r;
303;08;m;6;r;
303;09;m;6;r;
303;10;m;6;l;
303;11;m;6;r;
303;12;m;6;r;
303;13;m;6;r;
303;14;m;6;r;small mask
303;15;m;6;l;
303;16;m;6;l;
303;17;m;6;r;
303;18;m;6;r;
303;19;m;6;l;
303;20;m;6;r;
303;21;m;6;l;small mask
303;22;m;6;r;
303;23;m;6;r;small mask
303;24;m;6;l;
303;25;m;6;l;
303;26;m;6;l;
303;27;m;6;r;
303;28;m;6;r;large mask
303;29;m;6;l;large mask
303;30;m;6;r;
303;31;m;6;r;
303;32;m;6;r;
303;33;m;6;r;
303;34;m;6;r;
304;01;m;4;r;
304;02;m;4;l;
304;03;m;4;r;
304;04;m;4;l;
304;05;m;4;l;
304;06;m;4;l;
304;07;m;4;r;
304;08;m;4;r;
304;09;m;4;r;large mask
304;10;m;4;r;large mask
304;11;m;4;r;
304;12;m;4;l;
304;13;m;4;l;
304;14;m;4;l;large mask
304;15;m;4;r;small mask
304;16;m;4;l;
304;17;m;4;r;
304;18;m;4;r;
304;19;m;4;l;
304;20;m;4;l;
304;21;m;4;r;
304;22;m;4;r;
304;23;m;4;l;wrong position
304;24;m;4;r;
304;25;m;4;l;
304;26;m;4;r;
304;27;m;4;l;
304;28;m;4;r;
304;29;m;4;l;
304;30;m;4;l;
304;31;m;4;r;
305;01;m;3;r;
305;02;m;3;l;
305;03;m;3;r;
305;04;m;3;r;
305;05;m;3;l;
305;06;m;3;r;
305;07;m;3;r;
305;08;m;3;r;
305;09;m;3;r;
305;10;m;3;r;
305;11;m;3;r;
305;12;m;3;l;
305;13;m;3;l;
305;14;m;3;l;
305;15;m;3;l;large mask
305;16;m;3;r;
305;17;m;3;r;
305;18;m;3;r;
305;19;m;3;r;
305;20;m;3;r;
305;21;m;3;l;
305;22;m;3;r;
305;23;m;3;r;
305;24;m;3;l;
305;25;m;3;l;
305;26;m;3;l;
305;27;m;3;l;
306;01;m;4;r;
306;02;m;4;l;
306;03;m;4;r;large mask
306;04;m;4;r;
306;05;m;4;l;
306;06;m;4;l;
306;07;m;4;l;
306;08;m;4;r;
306;09;m;4;l;
306;10;m;4;l;
306;11;m;4;l;
306;12;m;4;l;
306;13;m;4;l;
306;14;m;4;l;large mask
306;15;m;4;l;
306;16;m;4;l;small mask
306;17;m;4;l;
306;18;m;4;l;
306;19;m;4;l;
306;20;m;4;r;
306;21;m;4;r;
306;22;m;4;l;
306;23;m;4;r;large mask
306;24;m;4;l;
306;25;m;4;l;
306;26;m;4;l;
306;27;m;4;l;
307;01;f;1;l;
307;02;f;1;l;
307;03;f;1;r;large mask
307;04;f;1;l;
307;05;f;1;r;
307;06;f;1;l;large mask
307;07;f;1;l;large mask
307;08;f;1;r;
307;09;f;1;l;
307;10;f;1;r;
307;11;f;1;l;
307;12;f;1;r;large mask
307;13;f;1;r;
307;14;f;1;r;large mask
307;15;f;1;l;large mask
307;16;f;1;r;
307;17;f;1;l;
307;18;f;1;r;large mask
307;19;f;1;l;large mask
307;20;f;1;l;
307;21;f;1;l;small mask
307;22;f;1;l;
307;23;f;1;l;
307;24;f;1;r;large mask
307;25;f;1;l;
308;01;m;1;r;
308;02;m;1;l;
308;03;m;1;r;
308;04;m;1;r;
308;05;m;1;l;
308;06;m;1;r;
308;07;m;1;l;
308;08;m;1;l;
308;09;m;1;l;
308;10;m;1;r;large mask
308;11;m;1;r;
308;12;m;1;l;
308;13;m;1;r;
308;14;m;1;l;
308;15;m;1;r;
308;16;m;1;r;
308;17;m;1;r;
308;18;m;1;l;large mask
308;19;m;1;r;
308;20;m;1;l;
308;21;m;1;r;
308;22;m;1;l;
308;23;m;1;r;
308;24;m;1;r;
308;25;m;1;r;
308;26;m;1;l;large mask
308;27;m;1;l;
309;01;f;1;r;
309;02;f;1;l;
309;03;f;1;r;
309;04;f;1;l;small mask
309;05;f;1;r;
309;06;f;1;r;
309;07;f;1;r;
309;08;f;1;l;large mask
309;09;f;1;r;
309;10;f;1;r;small mask
309;11;f;1;l;large mask
309;12;f;1;l;large mask
310;01;f;1;l;
310;02;f;1;l;
310;03;f;1;l;
310;04;f;1;l;
310;05;f;1;l;small mask
310;06;f;1;l;
310;07;f;1;l;
310;08;f;1;l;
310;09;f;1;r;
310;10;f;1;r;
310;11;f;1;l;
310;12;f;1;r;
310;13;f;1;l;
310;14;f;1;l;large mask
310;15;f;1;l;
310;16;f;1;r;
310;17;f;1;r;large mask
310;18;f;1;l;
310;19;f;1;r;
310;20;f;1;r;
310;21;f;1;l;
310;22;f;1;l;
310;23;f;1;l;
310;24;f;1;l;
311;01;m;1;l;small mask
311;02;m;1;r;large mask
311;03;m;1;l;
311;04;m;1;l;
311;05;m;1;r;
311;06;m;1;l;
311;07;m;1;l;
311;08;m;1;r;
311;09;m;1;l;
311;10;m;1;r;
311;11;m;1;l;
311;12;m;1;l;large mask
311;13;m;1;l;
311;14;m;1;l;
311;15;m;1;l;
311;16;m;1;l;
311;17;m;1;r;
311;18;m;1;r;
311;19;m;1;l;
311;20;m;1;r;
311;21;m;1;r;
311;22;m;1;r;
311;23;m;1;l;
311;24;m;1;l;
311;25;m;1;r;
311;26;m;1;l;
311;27;m;1;r;
311;28;m;1;r;
311;29;m;1;l;
312;01;f;1;r;
312;02;f;1;l;
312;03;f;1;r;
312;04;f;1;l;
312;05;f;1;r;small mask
312;06;f;1;l;
312;07;f;1;l;
312;08;f;1;r;
312;09;f;1;l;
312;10;f;1;l;
312;11;f;1;r;
312;12;f;1;l;large mask
312;13;f;1;r;
312;14;f;1;l;large mask
312;15;f;1;r;
312;16;f;1;l;
312;17;f;1;r;
312;18;f;1;r;small mask
312;19;f;1;l;
312;20;f;1;l;
312;21;f;1;r;
312;22;f;1;r;
312;23;f;1;r;
312;24;f;1;l;
312;25;f;1;l;
312;26;f;1;r;
312;27;f;1;r;
312;28;f;1;r;
312;29;f;1;l;
313;01;m;1;r;
313;02;m;1;r;large mask
313;03;m;1;r;
313;04;m;1;l;
313;05;m;1;l;
313;06;m;1;r;
313;07;m;1;l;
313;08;m;1;l;
313;09;m;1;r;
313;10;m;1;l;
313;11;m;1;r;
313;12;m;1;r;
313;13;m;1;l;
313;14;m;1;l;
313;15;m;1;l;
313;16;m;1;r;
313;17;m;1;r;
313;18;m;1;l;
313;19;m;1;r;small mask
313;20;m;1;r;
313;21;m;1;r;
313;22;m;1;l;
313;23;m;1;r;
313;24;m;1;l;
313;25;m;1;l;
314;01;f;1;r;
314;02;f;1;r;
314;03;f;1;r;
314;04;f;1;r;
314;05;f;1;l;
314;06;f;1;r;
314;07;f;1;r;
314;08;f;1;r;
314;09;f;1;r;small mask
314;10;f;1;l;
314;11;f;1;l;
314;12;f;1;r;
314;13;f;1;r;
314;14;f;1;r;
314;15;f;1;r;
314;16;f;1;r;
314;17;f;1;r;
314;18;f;1;r;
314;19;f;1;l;
314;20;f;1;r;
314;21;f;1;r;
314;22;f;1;r;
314;23;f;1;r;small mask
314;24;f;1;r;
314;25;f;1;r;
314;26;f;1;r;
314;27;f;1;r;
314;28;f;1;l;
315;01;f;1;l;
315;02;f;1;r;
315;03;f;1;r;large mask
315;04;f;1;l;
315;05;f;1;r;
315;06;f;1;l;
315;07;f;1;l;
315;08;f;1;l;
315;09;f;1;l;
315;10;f;1;l;
315;11;f;1;l;
315;12;f;1;l;
315;13;f;1;r;
315;14;f;1;l;
315;15;f;1;r;
315;16;f;1;r;
315;17;f;1;l;large mask
315;18;f;1;l;large mask
315;19;f;1;l;
315;20;f;1;r;
315;21;f;1;l;
315;22;f;1;l;
315;23;f;1;l;
315;24;f;1;l;
315;25;f;1;l;
316;01;f;4;r;
316;02;f;4;r;
316;03;f;4;l;
316;04;f;4;r;
316;05;f;4;l;large mask
316;06;f;4;l;
316;07;f;4;r;
316;08;f;4;l;
316;09;f;4;l;
316;10;f;4;r;
316;11;f;4;r;
316;12;f;4;r;
316;13;f;4;l;
316;14;f;4;r;
316;15;f;4;r;
316;16;f;4;r;
316;17;f;4;l;
316;18;f;4;r;
316;19;f;4;r;
316;20;f;4;r;
316;21;f;4;l;large mask
316;22;f;4;r;
316;23;f;4;l;
316;24;f;4;l;
316;25;f;4;r;
316;26;f;4;r;
316;27;f;4;l;
316;28;f;4;r;
316;29;f;4;r;
317;01;m;1;l;small mask 
317;02;m;1;l;
317;03;m;1;l;
317;04;m;1;r;
317;05;m;1;r;
317;06;m;1;l;
317;07;m;1;l;
317;08;m;1;r;
317;09;m;1;l;
317;10;m;1;l;
317;11;m;1;l;
317;12;m;1;r;
317;13;m;1;r;
317;14;m;1;l;
317;15;m;1;l;
317;16;m;1;r;
317;17;m;1;l;
317;18;m;1;l;
317;19;m;1;l;
317;20;m;1;l;
317;21;m;1;l;
317;22;m;1;l;
317;23;m;1;r;large mask
317;24;m;1;l;
317;25;m;1;l;
317;26;m;1;l;
318;01;m;1;r;
318;02;m;1;r;
318;03;m;1;l;
318;04;m;1;l;
318;05;m;1;l;
318;06;m;1;l;
318;07;m;1;r;
318;08;m;1;r;
318;09;m;1;l;
318;10;m;1;r;
318;11;m;1;r;
318;12;m;1;r;
318;13;m;1;r;
318;14;m;1;l;
318;15;m;1;l;
318;16;m;1;r;
318;17;m;1;r;
318;18;m;1;l;
318;19;m;1;l;
318;20;m;1;l;large mask
318;21;m;1;r;large mask
318;22;m;1;r;
318;23;m;1;l;
318;24;m;1;r;
318;25;m;1;r;
319;01;m;1;r;
319;02;m;1;r;
319;03;m;1;l;
319;04;m;1;r;
319;05;m;1;l;
319;06;m;1;r;small mask
319;07;m;1;r;
319;08;m;1;r;
319;09;m;1;r;
319;10;m;1;l;
319;11;m;1;l;
319;12;m;1;r;
319;13;m;1;r;
319;14;m;1;l;
319;15;m;1;r;
319;16;m;1;l;
319;17;m;1;r;
319;18;m;1;l;large mask
319;19;m;1;l;
319;20;m;1;r;large mask
319;21;m;1;r;
319;22;m;1;l;
319;23;m;1;l;
319;24;m;1;l;
319;25;m;1;r;
319;26;m;1;r;
319;27;m;1;r;
320;01;m;1;r;
320;02;m;1;l;
320;03;m;1;r;
320;04;m;1;l;
320;05;m;1;l;
320;06;m;1;r;
320;07;m;1;l;
320;08;m;1;l;
320;09;m;1;l;
320;10;m;1;l;
320;11;m;1;r;
320;12;m;1;l;
320;13;m;1;r;
320;14;m;1;l;
320;15;m;1;r;
320;16;m;1;r;
320;17;m;1;l;
320;18;m;1;l;
320;19;m;1;r;2 ears
320;20;m;1;l;
320;21;m;1;l;
320;22;m;1;l;
320;23;m;1;l;large mask
320;24;m;1;r;large mask
320;25;m;1;l;
321;01;m;1;l;
321;02;m;1;r;
321;03;m;1;r;
321;04;m;1;l;
321;05;m;1;l;
321;06;m;1;l;
321;07;m;1;r;
321;08;m;1;l;
321;09;m;1;l;
321;10;m;1;r;
321;11;m;1;r;
321;12;m;1;r;
321;13;m;1;l;
321;14;m;1;l;
321;15;m;1;l;
321;16;m;1;r;
321;17;m;1;l;
321;18;m;1;l;
321;19;m;1;l;
321;20;m;1;l;
321;21;m;1;l;
321;22;m;1;r;
321;23;m;1;l;
321;24;m;1;l;
321;25;m;1;l;
321;26;m;1;r;
322;01;m;1;l;
322;02;m;1;l;
322;03;m;1;r;
322;04;m;1;r;
322;05;m;1;l;
322;06;m;1;r;
322;07;m;1;r;
322;08;m;1;r;
322;09;m;1;l;large mask
322;10;m;1;r;
322;11;m;1;l;
322;12;m;1;r;
322;13;m;1;l;
322;14;m;1;l;
322;15;m;1;r;
322;16;m;1;l;
322;17;m;1;r;
322;18;m;1;r;
322;19;m;1;r;
322;20;m;1;r;
322;21;m;1;l;
322;22;m;1;r;
322;23;m;1;r;
322;24;m;1;l;
322;25;m;1;l;
322;26;m;1;r;
323;01;m;1;r;
323;02;m;1;r;
323;03;m;1;l;large mask
323;04;m;1;r;large mask
323;05;m;1;l;
323;06;m;1;l;
323;07;m;1;r;
323;08;m;1;l;
323;09;m;1;l;
323;10;m;1;r;
323;11;m;1;l;
323;12;m;1;r;
323;13;m;1;l;
323;14;m;1;l;
323;15;m;1;r;
323;16;m;1;l;
323;17;m;1;r;
323;18;m;1;l;
323;19;m;1;l;
323;20;m;1;r;
323;21;m;1;l;
323;22;m;1;l;
323;23;m;1;r;
323;24;m;1;l;
323;25;m;1;r;
323;26;m;1;r;
323;27;m;1;r;
323;28;m;1;r;
323;29;m;1;l;
324;01;m;4;l;
324;02;m;4;l;
324;03;m;4;l;
324;04;m;4;r;
324;05;m;4;l;
324;06;m;4;r;
324;07;m;4;r;
324;08;m;4;l;
324;09;m;4;r;
324;10;m;4;r;large mask
324;11;m;4;r;
324;12;m;4;l;
324;13;m;4;l;
324;14;m;4;l;
324;15;m;4;r;
324;16;m;4;r;small mask
324;17;m;4;l;
324;18;m;4;l;
324;19;m;4;r;
324;20;m;4;r;
324;21;m;4;l;
324;22;m;4;r;
324;23;m;4;r;
325;01;m;1;l;
325;02;m;1;r;
325;03;m;1;r;large mask
325;04;m;1;l;
325;05;m;1;l;
325;06;m;1;r;
325;07;m;1;l;
325;08;m;1;l;
325;09;m;1;r;
325;10;m;1;l;
325;11;m;1;l;
325;12;m;1;l;
325;13;m;1;l;
325;14;m;1;r;
325;15;m;1;l;
325;16;m;1;l;
325;17;m;1;r;
325;18;m;1;r;
325;19;m;1;l;
325;20;m;1;l;
325;21;m;1;r;
325;22;m;1;r;
325;23;m;1;r;
325;24;m;1;r;
325;25;m;1;l;
325;26;m;1;r;
326;01;m;1;l;
326;02;m;1;l;
326;03;m;1;l;
326;04;m;1;r;
326;05;m;1;l;
326;06;m;1;r;
326;07;m;1;r;
326;08;m;1;l;
326;09;m;1;l;
326;10;m;1;l;
326;11;m;1;r;
326;12;m;1;l;
326;13;m;1;l;
326;14;m;1;l;
326;15;m;1;r;
326;16;m;1;r;
326;17;m;1;l;
326;18;m;1;l;
326;19;m;1;r;
326;20;m;1;l;
326;21;m;1;l;
326;22;m;1;r;
326;23;m;1;l;
326;24;m;1;l;large mask
326;25;m;1;l;
326;26;m;1;l;
326;27;m;1;l;
326;28;m;1;l;
327;01;m;1;r;
327;02;m;1;r;2 ears
327;03;m;1;r;
327;04;m;1;l;
327;05;m;1;l;
327;06;m;1;r;
327;07;m;1;r;
327;08;m;1;r;
327;09;m;1;r;
327;10;m;1;r;
327;11;m;1;l;
327;12;m;1;l;
327;13;m;1;l;
327;14;m;1;l;
327;15;m;1;l;
327;16;m;1;l;
327;17;m;1;r;
327;18;m;1;l;
327;19;m;1;l;
327;20;m;1;l;
327;21;m;1;l;
327;22;m;1;r;
327;23;m;1;l;
327;24;m;1;l;
327;25;m;1;l;2 ears
327;26;m;1;l;
327;27;m;1;l;
327;28;m;1;r;
327;29;m;1;l;
327;30;m;1;l;
328;01;m;1;r;
328;02;m;1;r;
328;03;m;1;r;
328;04;m;1;r;
328;05;m;1;r;
328;06;m;1;r;
328;07;m;1;r;
328;08;m;1;l;
328;09;m;1;l;
328;10;m;1;r;
328;11;m;1;l;
328;12;m;1;r;
328;13;m;1;r;
328;14;m;1;l;
328;15;m;1;r;
328;16;m;1;r;
328;17;m;1;l;small mask
328;18;m;1;r;
328;19;m;1;l;
328;20;m;1;r;
328;21;m;1;r;
328;22;m;1;r;
328;23;m;1;r;
328;24;m;1;l;
328;25;m;1;r;2 ears
328;26;m;1;l;
328;27;m;1;l;
328;28;m;1;l;
329;01;m;4;r;
329;02;m;4;r;
329;03;m;4;l;
329;04;m;4;r;
329;05;m;4;l;
329;06;m;4;r;
329;07;m;4;r;
329;08;m;4;l;
329;09;m;4;r;
329;10;m;4;l;
329;11;m;4;l;
329;12;m;4;l;
329;13;m;4;l;
329;14;m;4;l;
329;15;m;4;l;
329;16;m;4;l;
329;17;m;4;l;
329;18;m;4;l;
329;19;m;4;l;
329;20;m;4;r;
329;21;m;4;l;
329;22;m;4;l;
329;23;m;4;r;
329;24;m;4;l;
329;25;m;4;l;
329;26;m;4;r;
329;27;m;4;r;
329;28;m;4;l;
329;29;m;4;l;
329;30;m;4;l;
330;01;m;1;r;
330;02;m;1;r;
330;03;m;1;r;
330;04;m;1;l;
330;05;m;1;l;
330;06;m;1;l;
330;07;m;1;r;
330;08;m;1;r;
330;09;m;1;r;
330;10;m;1;r;
330;11;m;1;l;
330;12;m;1;r;
330;13;m;1;r;
330;14;m;1;r;large mask
330;15;m;1;r;
330;16;m;1;l;
330;17;m;1;r;
330;18;m;1;r;large mask
330;19;m;1;l;
330;20;m;1;l;
330;21;m;1;r;
330;22;m;1;r;
330;23;m;1;l;
330;24;m;1;r;
330;25;m;1;r;
330;26;m;1;r;large mask
330;27;m;1;l;